{"text": " Hello Hello What is your name?", "segments": [{"id": 0, "seek": 0, "start": 0.0, "end": 3.0, "text": " Hello Hello", "tokens": [50364, 2425, 2425, 50514], "temperature": 0.0, "avg_logprob": -0.7826673984527588, "compression_ratio": 0.8823529411764706, "no_speech_prob": 0.342399924993515}, {"id": 1, "seek": 0, "start": 3.0, "end": 6.0, "text": " What is your name?", "tokens": [50514, 708, 307, 428, 1315, 30, 50664], "temperature": 0.0, "avg_logprob": -0.7826673984527588, "compression_ratio": 0.8823529411764706, "no_speech_prob": 0.342399924993515}], "language": "hi"}